alias ltd-dino Dino PC Ltd <do-not-reply@dinopc.com>
alias bryant-tom Tom Bryant <tombryant92@gmail.com>
alias bailey-josef Josef Bailey <jcbjoe2013@gmail.com>
alias massot-bernard Bernard Massot <bmassot@free.fr>
alias czaja-jacek Jacek Czaja <jacek.czaja@gmail.com>
alias bobrov-anton Anton Bobrov <bobrov@vl.ru>
alias TARGETjobs <jobs@alerts.targetjobs.co.uk>
alias stargrave@stargrave.org stargrave@stargrave.org
alias Blacks <news@blacksemails.com>
alias heinola-sauli Sauli Heinola <n2o4@kapsi.fi>
alias holtzman-robert Robert Holtzman <holtzm@cox.net>
alias ali-suvayu Suvayu Ali <fatkasuvayu+linux@gmail.com>
alias niendorf-john John Niendorf <john@jfniendorf.org>
alias romani-cesar Cesar Romani <cesar.romani@gmail.com>
alias chase-tim Tim Chase <vim@tim.thechases.com>
alias void-somelauw Somelauw void <somelauw@gmail.com>
alias pavlov-nikolay Nikolay Pavlov <zyx.vim@gmail.com>
alias pita-carlos Carlos Pita <carlosjosepita@gmail.com>
alias nurpmeso-steffen Steffen Daode Nurpmeso <sdaoden@gmail.com>
alias king-paul Paul King <paul.e.j.king@gmail.com>
alias glts <676c7473@gmail.com>
alias Facebook <notification+yaszc6y6@facebookmail.com>
alias Amazon.co.uk <digital-no-reply@amazon.co.uk>
alias morrison-james James Morrison <j.arnoldi.morrison@gmail.com>
alias wainwright-julie Julie Wainwright <ianjuliew@talktalk.net>
alias woodfall-david David Woodfall <dave@dawoodfall.net>
alias woodfall-dave Dave Woodfall <dave@dawoodfall.net>
alias bailey-josmutt Josmutt new mail pageref Bailey <jcbjoe2013@gmail.com>
alias Stevew <stevwolf58@gmail.com>
alias fritz-ben Ben Fritz <fritzophrenic@gmail.com>
alias rudrab <rudra.banerjee@aol.co.uk>
alias weber-marc Marc Weber <marco-oweber@gmx.de>
alias birmingham-university University of Birmingham <marketing@contacts.bham.ac.uk>
alias ericson-paul Paul Ericson <ericson.paul@gmail.com>
alias rim-choy Choy Rim <choy.rim@gmail.com>
alias office-university University of Birmingham Alumni Office <alumnioffice@contacts.bham.ac.uk>
alias pereira-óscar Óscar Pereira <burn.till.skid@gmail.com>
alias mccarthy-kevin Kevin J. McCarthy <kevin@8t8.us>
alias yang-du du yang <duyang.seu@gmail.com>
alias hall-steve Steve Hall <digitect@dancingpaper.com>
alias wainwright-josh Josh Wainwright <wainwright.ja@gmail.com>
alias felix@crowfix.com felix@crowfix.com
alias Paul <google1241@rainslide.net>
alias calvo-benigno Benigno Calvo <benignoc@gmail.com>
alias maura.jauhola@gmail.com maura.jauhola@gmail.com
alias 唐方爽 <fstang235@gmail.com>
alias turner-ryan Ryan Turner <rjturner@cmu.edu>
alias pg@contacts.bham.ac.uk pg@contacts.bham.ac.uk
alias arnall-tom tom arnall <kloro2006@gmail.com>
alias johnson-gary Gary Johnson <garyjohn@spocom.com>
alias brabandt-christian Christian Brabandt <cblists@256bit.org>
alias christiansen-erik Erik Christiansen <dvalin@internode.on.net>
alias pellé-dominique Dominique Pellé <dominique.pelle@gmail.com>
alias wilson-shawn shawn wilson <ag4ve.us@gmail.com>
alias moolenaar-bram Bram Moolenaar <Bram@moolenaar.net>
alias campbell-charles Charles E Campbell <drchip@campbellfamily.biz>
alias Paul <paul.domaskis@gmail.com>
alias jr.-sam Sam Fourman Jr. <sfourman@gmail.com>
alias noreply@arm.com <noreply@arm.com>
alias folco-gautier Gautier DI FOLCO <gautier.difolco@gmail.com>
alias waddington-tim Tim Waddington <timwaddington@v2c.co.uk>
alias tresham-catherine Catherine Tresham <Cmtresham@aol.com>
alias Maggyspence@aol.com Maggyspence@aol.com
alias DinoPC.com <enquiries@dinopc.com>
alias wainwright-josh Josh Wainwright [mailto:wainwright.ja@gmail.com]
alias ltd-dino Dino PC Ltd [mailto:do-not-reply@dinopc.com]
alias playle-joseph Joseph Playle <joeandsarahplayle@sky.com>
alias mechelynck-tony Tony Mechelynck <antoine.mechelynck@gmail.com>
alias (i.)-wainwright Wainwright Ian (I.) <iwainwr1@hvccglobal.com>
alias isambert-paul Paul Isambert <zappathustra@free.fr>
alias office-school School of Computer Science Office <office@cs.bham.ac.uk>
alias leher-chanelle chanelle leher <chanelle.leher@aiesec.net>
alias heathcote-julie Julie Heathcote <j.e.heathcote@cs.bham.ac.uk>
alias rossiter-antonia Antonia Rossiter <a.rossiter@guild.bham.ac.uk>
alias minku-leandro Leandro Minku <l.l.minku@cs.bham.ac.uk>
alias yu-peng Peng Yu <pengyu.ut@gmail.com>
alias joe.westcott@yahoo.com joe.westcott@yahoo.com
alias trapani-gina Gina Trapani <gina@ginatrapani.org>
alias clark-steven Steven Clark <stevendpclark@gmail.com>
alias Twitter <info@twitter.com>
alias jjh <jjh@cherenkov.net>
alias bill.maya@gmail.com bill.maya@gmail.com
alias long-andrew Andrew Long <andrew.long@mac.com>
alias careers-institute Institute of Physics Members Careers <members.careers@iop.org>
alias pakosz-grégory Grégory Pakosz <gregory.pakosz@gmail.com>
alias HomeProtect <info@homeprotect-mail.co.uk>
alias kenyob <briankenyon@briankenyon.com>
alias sloman-aaron Aaron Sloman <A.Sloman@cs.bham.ac.uk>
alias pauli <pegoss@gmail.com>
alias cavalleri-matteo Matteo Cavalleri <cvlmtg@gmail.com>
alias students-national National Union of Students <nus@nus-email.org.uk>
alias jaeger-hendrik Hendrik Jaeger <vim@henk.geekmail.org>
alias wainwright-julie Julie Wainwright <ianjuliew@gmail.com>
alias gardnervh@yahoo.com gardnervh@yahoo.com
alias Google+ <noreply-c56f23f8@plus.google.com>
alias k-alex Alex K <alexkg.2012@gmail.com>
alias TheNationalStudent.com <mailout@thenationalstudent.com>
alias devolder-ike Ike Devolder <ike.devolder@gmail.com>
alias kwee-djien djien kwee <djienaijkwee@gmail.com>
alias tresham-mike Mike Tresham <mjtresham@aol.com>
alias thomson-hugh Hugh Thomson <hughj.thomson@blueyonder.co.uk>
alias auto-confirm@amazon.co.uk <auto-confirm@amazon.co.uk>
alias school)-jonathan Jonathan Rowe (Head of School) <hos@cs.bham.ac.uk>
alias ghica-dan Dan Ghica <d.r.ghica@cs.bham.ac.uk>
alias desk-service Service Desk <servicedesk@contacts.bham.ac.uk>
alias Laurie <laurie@city-church.org.uk>
alias jäger-hendrik Hendrik Jäger <vim@henk.geekmail.org>
alias loumiotis-a A Loumiotis <antonis.loumiotis@gmail.com>
alias fishburn-david David Fishburn <dfishburn.vim@gmail.com>
alias Calon <calon.xu@gmail.com>
alias pik-tooth tooth pik <toothpik6@gmail.com>
alias a.p.evans@bham.ac.uk a.p.evans@bham.ac.uk
alias dungo-mark Mark Anthony Dungo <mail@servant.tk>
alias sandilands-richard Richard Sandilands <richard@infoarts.com.au>
alias putnam-harry Harry Putnam <reader@newsguy.com>
alias bowles-brandon Brandon Bowles <brandonbowles@gmail.com>
alias trapani-gina Gina Trapani <ginatrapani@gmail.com>
alias brandonbowles@gmail.com brandonbowles@gmail.com
alias Marco <lists@homerow.info>
alias team-the The Box Team <theboxteam@box.com>
alias Dropbox <no-reply@dropbox.com>
alias StumbleUpon <no-reply@stumblemail.com>
alias q-rado Rado Q <l%q-s@gmx.de>
alias Alexey <muranov@math.univ-toulouse.fr>
alias uk-aldi ALDI UK <noreply@aldi.co.uk>
alias skeept <skeept@gmail.com>
alias sutic-bruno Bruno Sutic <bruno.sutic@gmail.com>
alias newsletter-ifttt IFTTT Newsletter <newsletter@ifttt.com>
alias urquhart-russell Russell Urquhart <russurquhart1@verizon.net>
alias miro.rovis@croatiafidelis.hr miro.rovis@croatiafidelis.hr
alias office-post Post Office <yourpostoffice@yourpostoffice.co.uk>
alias wainwright-josh Josh Wainwright <jaw097@bham.ac.uk>
alias knight-ian Ian Knight <ianjknight@googlemail.com>
alias school)-jonathan Jonathan Rowe (Head of School) <hos@cs.bham.ac.uk>
alias ghica-dan Dan Ghica <d.r.ghica@cs.bham.ac.uk>
alias auto-confirm@amazon.co.uk <auto-confirm@amazon.co.uk>
alias Gooderam <colinmarr0@gmail.com>
alias codemonkey-codie Codie Codemonkey <codiecodemonkey@gmail.com>
alias dimitrov-dimitar Dimitar DIMITROV <mitkofr@yahoo.fr>
alias desk-service Service Desk <servicedesk@contacts.bham.ac.uk>
alias GotQuestions.org <noreply@gotquestions.org>
alias birmingham-university University of Birmingham <students@contacts.bham.ac.uk>
alias campbell-charles Charles Campbell <Charles.E.Campbell@nasa.gov>
alias bohannon-aaron Aaron Bohannon <aaron678@gmail.com>
alias zarges-christine Christine Zarges <C.Zarges@cs.bham.ac.uk>
alias rowe-jon Jon Rowe <j.e.rowe@cs.bham.ac.uk>
alias caughey-gregory Gregory M. Caughey <caugheygm@comcast.net>
alias gray-larry Larry Gray <13c1a8109872@gmail.com>
alias wainwright-brodie Brodie Wainwright <brodie.wainwright@gmail.com>
alias Welfare <welfare@cs.bham.ac.uk>
alias rowe-jonathan Jonathan Rowe <j.e.rowe@cs.bham.ac.uk>
alias isard-stephen Stephen Isard <n648vz2rce@snkmail.com>
alias tino-peter Peter Tino <P.Tino@cs.bham.ac.uk>
alias lee-mark Mark G Lee <m.g.lee@cs.bham.ac.uk>
alias reddy-uday Uday S Reddy <u.s.reddy@cs.bham.ac.uk>
alias howes-andrew Andrew Howes <a.howes@cs.bham.ac.uk>
alias sexton-alan Alan P. Sexton <A.P.Sexton@cs.bham.ac.uk>
alias Amazon.co.uk <auto-shipping@amazon.co.uk>
alias resiliencemgt@contacts.bham.ac.uk resiliencemgt@contacts.bham.ac.uk
alias gradzik-bartosz Bartosz Gradzik <bartosz.gradzik@yahoo.com>
alias bellhouse-callum Callum Bellhouse <esuohlleb.c@gmail.com>
alias jung-achim Achim Jung <A.Jung@cs.bham.ac.uk>
alias vithal-kiran Kiran Vithal <kiran.vithal@stalbansacademy.org>
alias ZyX <zyx.vim@gmail.com>
alias combrinck-henry Henry Combrinck <henrylcombrinck@gmail.com>
alias service@paypal.co.uk <service@paypal.co.uk>
alias Feefo <feedbackrequest@feefo.com>
alias carney-ryan Ryan Carney <arecarn@gmail.com>
alias tips-martins Martins Money Tips <MartinsMoneyTips@moneysavingexpert.com>
alias rogers-linda Linda Rogers <RogersLY@adf.bham.ac.uk>
alias claridge-ela Ela Claridge <e.claridge@cs.bham.ac.uk>
alias fritz-benjamin Benjamin Fritz <fritzophrenic@gmail.com>
alias gavruk-sergey Sergey Gavruk <svgavruk@gmail.com>
alias Spotify <hello@news.spotifymail.com>
alias daode-steffen Steffen Daode <sdaoden@gmail.com>
alias bohnet-bernd Bernd Bohnet <b.bohnet@cs.bham.ac.uk>
alias team-university University of Birmingham Alumni Events Team <alumnievents@contacts.bham.ac.uk>
alias courrèges-anglas-jérémie Jérémie Courrèges-Anglas <jca+nail@wxcvbn.org>
alias packham-steph Steph Packham <Steph.Packham@danburymission.org.uk>
alias gardiner-hardy-samantha Samantha Gardiner-Hardy <s.l.gardiner-hardy@bham.ac.uk>
alias unions-uccf: UCCF: The Christian Unions <info@uccf.org.uk>
alias jeffmaner <jeffmaner@yahoo.com>
alias tonyroomz <tonyroomz@gmail.com>
alias students-guild Guild of Students <communications@guild.bham.ac.uk>
alias worklink@contacts.bham.ac.uk worklink@contacts.bham.ac.uk
alias DwigtArmyOfChampions <dwightarmyofchampions@hotmail.com>
alias (amaisaeta)-天井冴太 天井冴太 (AmaiSaeta) <amaisaeta@gmail.com>
alias zenger-rejo Rejo Zenger <rejo@zenger.nl>
alias Google+ <noreply-1649c2a7@plus.google.com>
alias Craghoppers <offers@craghoppersuk-email.com>
alias punosevac-predrag Predrag Punosevac <punosevac72@gmail.com>
alias hereth-ethan Ethan Hereth <advocateddrummer@gmail.com>
alias sualeh.fatehi@gmail.com sualeh.fatehi@gmail.com
alias vanderbilt-arthur Arthur Vanderbilt <arthurvanderbilt@gmail.com>
alias neitzel@marshlabs.gaertner.de neitzel@marshlabs.gaertner.de
alias ltd-dino Dino PC Ltd <enews@dinopc.com>
alias tippin-sue Sue Tippin <S.Tippin@cs.bham.ac.uk>
alias dehghani-hamid Hamid Dehghani <h.dehghani@cs.bham.ac.uk>
alias schimara-marek Marek Schimara <marek.schimara@gmail.com>
alias izaq-yosi Yosi Izaq <izaqyos@gmail.com>
alias musolesi-mirco Mirco Musolesi <m.musolesi@cs.bham.ac.uk>
alias dantodotxt@yahoo.com dantodotxt@yahoo.com
alias bahsoon-rami Rami Bahsoon <r.bahsoon@cs.bham.ac.uk>
alias evans-nicola Nicola Evans <>
alias izaq-yosi yosi izaq <izaqyos@gmail.com>
alias careers@contacts.bham.ac.uk careers@contacts.bham.ac.uk
alias litt-steve Steve Litt <slitt@troubleshooters.com>
alias services-institute Institute of Physics Member Services <members.careers@iop.org>
alias joannes-tao Tao Shorty Jew Eyes Joannes <taojoannes@gmail.com>
alias balasevicius-paulius Paulius Balasevicius <PXB305@bham.ac.uk>
alias blackman-ed Ed Blackman <ed@edgewood.to>
alias PayPal <paypal@e.paypal.co.uk>
alias gardiner-joseph Joseph Gardiner <jxg856@cs.bham.ac.uk>
alias stevemac321@live.com stevemac321@live.com
alias lewis-cary Cary Lewis <cary.lewis@gmail.com>
alias mazart-p. P. Mazart <pmazart@web.de>
alias NatWest <OnlineBanking@Information.natwest.com>
alias little-john John Little <John.B.Little@gmail.com>
alias ronaldk@ronaldk.nl ronaldk@ronaldk.nl
alias gardiner-joseph Joseph Gardiner <jxg856@cs.bham.ac.uk>
alias Guyzmo <guyzmo+vim@m0g.net>
alias Hawkshead <offers@hawkshead-email.com>
alias leonard-crestez Crestez Dan Leonard <cdleonard@gmail.com>
alias hernandez-michael Michael Hernandez <sequethin@gmail.com>
alias szamotulski-marcin Marcin Szamotulski <mszamot@gmail.com>
alias CrossCountry <auto-confirm.crosscountry@trainsfares.co.uk>
alias kerber-manfred Manfred Kerber <M.Kerber@cs.bham.ac.uk>
alias canvas-instructure Instructure Canvas <notifications@instructure.com>
alias wilson-caroline Caroline Wilson <c.wilson@cs.bham.ac.uk>
alias (its)-chris Chris Bayliss (ITS) <c.b.bayliss@bham.ac.uk>
alias internships@contacts.bham.ac.uk internships@contacts.bham.ac.uk
alias crestez-leonard Leonard Crestez <cdleonard@gmail.com>
alias ADM-Pgcertcoursebooking <pgcertcoursebookings@contacts.bham.ac.uk>
alias wainwright-josh Josh Wainwright [mailto:jaw097@bham.ac.uk]
alias bell-gen Gen Bell <g.bell.000@grb.uk.com>
alias sanson-horacio Horacio Sanson <horacio.sanson@gmail.com>
alias team-the The GRB Team <thegrbteam.000@grb.uk.com>
alias starcas25@gmail.com starcas25@gmail.com
alias dobbin-phil Phil Dobbin <phildobbin@gmail.com>
alias 47-lcd LCD 47 <lcd047@gmail.com>
alias joel-patterson Patterson Joel <jpatterson@entint.com>
alias phil-vim_use@googlegroups.com vim_use@googlegroups.com [mailto:vim_use@googlegroups.com] On Behalf Of Phil Dobbin
alias details-little Little Big Details <dekker.floris@gmail.com>
