alias aaron_vinsent Aaron Vinsent <aaron_s_vincent@hotmail.co.uk>
alias abigail_davis Abigail Davis <abby_davis@hotmail.co.uk>
alias abigail_gifford Abigail Gifford <abigifford@hotmail.co.uk>
alias abigail_waldock Abigail Waldock <ickleangel_me@hotmail.com>
alias adam_middleton Adam Middleton <annadam.middleton@btinternet.com>
alias adam_raybould Adam Raybould <adraybould@ymail.com>
alias adm-sfhreceptiondesk ADM-sfhreceptiondesk <sfhreceptiondesk@contacts.bham.ac.uk>
alias alastair_allchin Alastair Allchin <aliallchin@aol.com>
alias alex_ashman Alex Ashman <alex@goodwebpractices.com>
alias alex_baker Alex Baker <alexneilbaker@gmail.com>
alias alex_nel Alex Nel <lexibabe22@hotmail.com>
alias alex_owen Alex Owen <alex.owen@baesystemsdetica.com>
alias alex_ritchings Alex Ritchings <smudgemail@hotmail.co.uk>
alias alice_palmer Alice Palmer <alice.of.palmer@googlemail.com>
alias alice_wood Alice Wood <alicerwood@aol.com>
alias alison_thurgood Alison Thurgood <alison.thurgood@talktalk.net>
alias amye_rowham Amye Rowham <x-candykisses-x@hotmail.co.uk>
alias amy_hunt Amy Hunt <amyhunt316@gmail.com>
alias andrea_searl Andrea Searl <pink_strawberries_1@hotmail.com>
alias andreas_freise Andreas Freise <a.freise@bham.ac.uk>
alias andrew_bagshaw Andrew Bagshaw <andyb2111@hotmail.co.uk>
alias andrew_barker Andrew Barker <abarker@tcp.eu.com>
alias andrew_clarke Andrew Clarke <andrew148a@gmail.com>
alias andrew_foster Andrew Foster <andrewfoster01@hotmail.co.uk>
alias andrew_grant Andrew Grant <andrewgrant22163@btinternet.com>
alias andrew_houghton Andrew Houghton <andypandy_116@hotmail.com>
alias andrew_scott Andrew Scott <ags.scott@tiscali.co.uk>
alias andrew_sturgess Andrew Sturgess <beetleblur@gmail.com>
alias andy_vanek Andy Vanek <onvan25@yahoo.com>
alias anna_machin Anna Machin <crazygirl1994@hotmail.com>
alias anna_richardson Anna Richardson <anna.e.richardson@hotmail.co.uk>
alias anna_tennant Anna Tennant <annie-lou-lou91@hotmail.co.uk>
alias ann_middleton Ann Middleton <annadam.middleton@btinternet.com>
alias aran_taylor Aran Taylor <aran_taylor@hotmail.co.uk>
alias araprint Araprint <araprint@aol.com>
alias ben_blanchard Ben Blanchard <benblanchard11@hotmail.co.uk>
alias ben_horn Ben Horn <benhorn100@gmail.com>
alias ben_luff Ben Luff <weaselo@lufflies.net>
alias ben_martin Ben Martin <bourbon_biscuits_are_way_better_then_custard_creams@hotmail.com>
alias ben_matthams Ben Matthams <ben.fisherman@hotmail.co.uk>
alias ben_mcneely Ben Mcneely <benmcneely@hotmail.co.uk>
alias ben_nicholls Ben Nicholls <ben0.5@hotmail.co.uk>
alias bethan_falconer Bethan Falconer <06-bethan.falconer@whsg.info>
alias bethany_goodwin Bethany Goodwin <betbet_goodwin@hotmail.co.uk>
alias bev_chittem Bev Chittem <bevchittem@btconnect.com>
alias bradley_jones Bradley Jones <bradleyjones@btinternet.com>
alias bradley_reed Bradley Reed <bradley_reed100@hotmail.com>
alias brodie_wainwright Brodie Wainwright <brodie.wainwright@gmail.com>
alias caitlin_davidson Caitlin Davidson <fudge789@hotmail.com>
alias calum_machin Calum Machin <cd@machins.eclipse.co.uk>
alias catherine_nuckley Catherine Nuckley <rockx_for_life@hotmail.com>
alias catherine_packham Catherine Packham <catherine.packham@live.co.uk>
alias catherine_palmer Catherine Palmer <catherinepalmer23@gmail.com>
alias cathy_atherton Cathy Atherton <cathyatherton@blueyonder.co.uk>
alias charlie_o'brien Charlie O'Brien <charliefarlie94@hotmail.co.uk>
alias charlotte_hill Charlotte Hill <randomly.charlotte@hotmail.com>
alias charlotte_johnson Charlotte Johnson <funki-n-fab@hotmail.co.uk>
alias charlotte_thompson Charlotte Thompson <charlottethompson472@hotmail.co.uk>
alias charlotte_whyman Charlotte Whyman <charlottewhyman@hotmail.com>
alias chris_carter Chris Carter <thesunisoftenout@googlemail.com>
alias chris_lewis Chris Lewis <bonsitm@gmail.com>
alias chris_swann Chris Swann <chris_swann38@hotmail.co.uk>
alias claire_armour Claire Armour <clairebear3652000@yahoo.co.uk>
alias clare_bird Clare Bird <clare.e.bird@gmail.com>
alias colcal-c-cadburylec@adf.bham.ac.uk colcal-c-cadburylec@adf.bham.ac.uk <cadburylectures@contacts.bham.ac.uk>
alias colin_stephen Colin Stephen <colin.stephen@esmond.me.uk>
alias colin_wainwright Colin Wainwright <awain08.9@talktalk.net>
alias conal_smith Conal Smith <cxs885@bham.ac.uk>
alias conference_hestem Conference Hestem <conference@hestem.ac.uk>
alias contagious Contagious <admin@contagious.org.uk>
alias craig_cochran Craig Cochran <craig.cochran@baesystemsdetica.com>
alias curtis_apthorp Curtis Apthorp <curtisapthorp@hotmail.com>
alias dad_wainwright Dad Wainwright <iwainwr1@hvccglobal.com>
alias daizy_barker Daizy Barker <daizy-barker@hotmail.co.uk>
alias dan_cottle Dan Cottle <dcottle@kefw.bham.sch.uk>
alias daniel_byrne Daniel Byrne <fizzy_crocodiles@hotmail.com>
alias daniel_cottle Daniel Cottle <dcottle@kefw.org>
alias daniel_crumpton Daniel Crumpton <dan_crumpton@hotmail.co.uk>
alias daniel_gilligan Daniel Gilligan <dangilligan92@hotmail.co.uk>
alias daniel_grant Daniel Grant <dan-27@hotmail.co.uk>
alias daniel_haynes Daniel Haynes <danielhaynes13@gmail.com>
alias daniel_taylor Daniel Taylor <dan.taylor92@googlemail.com>
alias dan_macleod Dan Macleod <maccodan@msn.com>
alias danny_laffey Danny Laffey <danlaffey@hotmail.co.uk>
alias danny_tatlow Danny Tatlow <tatters2@hotmail.co.uk>
alias dan_saxton Dan Saxton <rougew100@hotmail.com>
alias dan_thenightowl-byrne Dan Thenightowl-Byrne <fizzy_crocodiles@hotmail.com>
alias dave_hartwell Dave Hartwell <dave.hartwell@danburymission.org.uk>
alias dave_sherwood Dave Sherwood <davesherwood52@hotmail.com>
alias dave_winteler Dave Winteler <davewinteler@doctors.org.uk>
alias david_bedford David Bedford <dopeydave75@hotmail.com>
alias david_parker David Parker <d.j.parker@bham.ac.uk>
alias david_symmonds David Symmonds <daveinsane@hotmail.com>
alias david_thurgood David Thurgood <davidthurgood@telco4u.net>
alias david_weston David Weston <wasindear@live.co.uk>
alias dawn_rose Dawn Rose <dawn.rose91@hotmail.com>
alias dimitri_alldridge Dimitri Alldridge <dimitri_alldridge@yahoo.com>
alias dinopc.com DinoPC.com <enquiries@dinopc.com>
alias dominic-frederick_bowman Dominic-Frederick Bowman <dbowman.234@googlemail.com>
alias dorothy_stonell Dorothy Stonell <dotty-doo@hotmail.com>
alias eddy_gemmill Eddy Gemmill <edward.gemmill@gmail.com>
alias ed_freemantle Ed Freemantle <apedix@live.co.uk>
alias edmiral_ackbar Edmiral Ackbar <superman_100@hotmail.co.uk>
alias ed_skevington Ed Skevington <ed.skevington@btinternet.com>
alias edward_mccutcheon Edward McCutcheon <speed@mctedoprogramming.com>
alias edward_saban Edward Saban <eddysaban@hotmail.co.uk>
alias elizabeth_blackburn Elizabeth Blackburn <e.blackburn@bham.ac.uk>
alias elizabeth_prior Elizabeth Prior <dizzylizzy2312@aol.com>
alias elliot_ball Elliot Ball <l_1664@hotmail.co.uk>
alias elliot_grove Elliot Grove <ejgrove@sky.com>
alias elly_breuning Elly Breuning <elly_breuning@hotmail.com>
alias emily_braybrook Emily Braybrook <fat_vejjiem_69@hotmail.co.uk>
alias emily_gear Emily Gear <email_me_emily.g@hotmail.co.uk>
alias emily_lister Emily Lister <emilyjaynelister@hotmail.co.uk>
alias emily_smith Emily Smith <smithemilyjane@aol.com>
alias emily_stewart Emily Stewart <x-lollipop_emi-x@hotmail.co.uk>
alias emily_vuyk Emily Vuyk <snonkeypie@hotmail.co.uk>
alias emily_weaver Emily Weaver <emily_weaver_222@hotmail.com>
alias emma_mann Emma Mann <emma.lovesmcr@hotmail.co.uk>
alias esther_freemantle Esther Freemantle <esther.freemantle@btinternet.com>
alias euan_scott Euan Scott <euancscott@hotmail.com>
alias farshid_alikhah Farshid Alikhah <farshid_alikhah@yahoo.com>
alias faye_newman Faye Newman <faye.newman@homecall.co.uk>
alias fay_underwood Fay Underwood <fay.underwood@btinternet.com>
alias fiona_grove Fiona Grove <fionagrove@sky.com>
alias gary_tungate Gary Tungate <tungateg@adf.bham.ac.uk>
alias gavin_naylor Gavin Naylor <gavinnaylor@gmail.com>
alias gaylynn_alldridge GayLynn Alldridge <noveltea@hotmail.com>
alias gemma_gordon Gemma Gordon <gemmagordonx@hotmail.com>
alias gemma_rogers Gemma Rogers <gemmaktrogers@hotmail.com>
alias gemma_willingale Gemma Willingale <gem160592@hotmail.co.uk>
alias geoffrey_smith Geoffrey Smith <geoffrey1991@hotmail.co.uk>
alias george_hutchinson George Hutchinson <ghutchy@hotmail.co.uk>
alias george_morrissey George Morrissey <george_morrissey@hotmail.com>
alias gittens,_wendy Gittens, Wendy <Wendy.Gittens@baesystemsdetica.com>
alias grace_wood Grace Wood <grace7532@hotmail.com>
alias gradsinterview GRADSINTERVIEW <GradRecruitment@baesystemsdetica.com>
alias grant_strong Grant Strong <geepatch@gmail.com>
alias green_sally GREEN Sally <Sally.Green@oxinst.com>
alias greg_dodsley Greg Dodsley <gregdodsley204@hotmail.com>
alias greg_taylor Greg Taylor <ncfc_4_life_92@hotmail.com>
alias gron_tudor_jones Gron Tudor Jones <gtj@hep.ph.bham.ac.uk>
alias hannah_beverley Hannah Beverley <hanny.lou-x@hotmail.co.uk>
alias hannah_brookes Hannah Brookes <lostandforgotten@hotmail.co.uk>
alias hannah_crumpton Hannah Crumpton <hannah_crumpton@hotmail.com>
alias hannah_lowe Hannah Lowe <red_chicken@hotmail.co.uk>
alias hannah_nathaniel Hannah Nathaniel <yesgaryiamawoodpecker@hotmail.com>
alias hannah_parsons Hannah Parsons <spanner.parsons@btinternet.com>
alias hannah_payne Hannah Payne <essexgurl818@hotmail.co.uk>
alias hannah_rowe Hannah Rowe <hannah_hepburn@hotmail.com>
alias hannah_symonds Hannah Symonds <hannah.s_89@hotmail.com>
alias hannah_tresidder Hannah Tresidder <hanatresidder@hotmail.co.uk>
alias hannah_walker Hannah Walker <hannahwalker25@hotmail.co.uk>
alias h_arnett Henry ARNETT <hparn@btinternet.com>
alias harry_willis Harry Willis <harry-gilmore@live.co.uk>
alias hattie_gibbs Hattie Gibbs <hattiegibbs@hotmail.com>
alias helen_richardson Helen Richardson <littlehelenr_1991@hotmail.com>
alias helen_walter Helen Walter <walterhelen@hotmail.com>
alias hollie_valler Hollie Valler <Hollie.Valler@baesystemsdetica.com>
alias hr@uk.delarue.com HR@uk.delarue.com <HR@uk.delarue.com>
alias ian_johnson Ian Johnson <tsfunhouse@hotmail.com>
alias ian_moss Ian Moss <Ian.moss@btconnect.com>
alias ikenna_morah Ikenna Morah <ikenna5@yahoo.com>
alias irina_hoffman Irina Hoffman (School of Physics and Astronomy) <i.hoffman@bham.ac.uk>
alias isabel_goodwin Isabel Goodwin <dizzyizzy_goodwin@hotmail.co.uk>
alias jackolas_poston Jackolas Poston <jackmaster1993@hotmail.com>
alias jacob_ellis Jacob Ellis <jacob.ellis@btinternet.com>
alias jacob_osborne Jacob Osborne <jacobbond007@hotmail.co.uk>
alias jacqueline_whitehouse Jacqueline Whitehouse <j.whitehouse@bham.ac.uk>
alias jade_andrews Jade Andrews <jadeandrews@hotmail.co.uk>
alias james_carter James Carter <jamescarter093@googlemail.com>
alias james_davison James Davison <davison_james@hotmail.com>
alias james_dilling James Dilling <jad0503@yahoo.com>
alias james_hopper James Hopper <mini_me2792@hotmail.co.uk>
alias james_kendrick James Kendrick <jackendrick@googlemail.com>
alias james_king James King <kingy01010@yahoo.co.uk>
alias james_morrison James Morrison <j.arnoldi.morrison@gmail.com>
alias james_pickin James Pickin <james.pickin@gmail.com>
alias james_thurgood James Thurgood <james012452@yahoo.co.uk>
alias jamie_forrester Jamie Forrester <jayjay_f13@hotmail.co.uk>
alias jamie_gordon Jamie Gordon <19jamie91@gmail.com>
alias jamie_whyman Jamie Whyman <j_a_y_z@hotmail.co.uk>
alias jemimah_shaw Jemimah Shaw <i_love_spotty_teacups@hotmail.co.uk>
alias jeremy_boamah Jeremy Boamah <jezshade@hotmail.com>
alias jess_hall Jess Hall <jess_hall_123@msn.com>
alias jessica_keys Jessica Keys <jlk_1994@hotmail.com>
alias jim_yandle Jim Yandle <j.r.yandle@cs.bham.ac.uk>
alias jo_callaby Jo Callaby <jill.callaby@virgin.net>
alias jodie_crompton Jodie Crompton <j.crompton@bham.ac.uk>
alias joe_atkinson Joe Atkinson <joeatkinson08@googlemail.com>
alias joe_baumber Joe Baumber <jab098@bham.ac.uk>
alias joel_cunningham Joel Cunningham <joel2001_160@hotmail.com>
alias joey_korchinsky Joey Korchinsky <joey_kaching258@hotmail.com>
alias jo_fowler Jo Fowler <jo_luvs_nellefants@hotmail.com>
alias john_palmer John Palmer <jdp4444@tiscali.co.uk>
alias john_pravin John Pravin <johnpravin@hotmail.com>
alias john_reschke John Reschke <jreschke9@hotmail.com>
alias john_taylor John Taylor <jonti@hotmail.com>
alias jonathan_gregory Jonathan Gregory <jonathan@city-church.org.uk>
alias jon_briggs Jon Briggs <jonbriggscool_2001@hotmail.com>
alias jonno_spreckley Jonno Spreckley <jonno.s@hotmail.com>
alias jonny_mellor Jonny Mellor <jonny@churchcentral.org.uk>
alias jono_waldock Jono Waldock <jon.waldock@hotmail.co.uk>
alias jonti_taylor Jonti Taylor <jonti@city-church.org.uk>
alias jordan_britcher Jordan Britcher <xjordan_jordanx@hotmail.co.uk>
alias joseph_bird Joseph Bird <jjmbird@gmail.com>
alias josh_alexander_wainwright Josh Alexander Wainwright <wainwright.ja@gmail.com>
alias josh_angell Josh Angell <jbangell@gmail.com>
alias josh_birch Josh Birch <klorgon@hotmail.com>
alias josh_bird Josh Bird <joshua_bird@hotmail.com>
alias joshua_graham Joshua Graham <j_graham25@hotmail.co.uk>
alias joshua_immanuel Joshua Immanuel <joshua.immanuel@ymail.com>
alias josh_wainwright Josh Wainwright <wainwright.ja@gmail.com>
alias josh_wynn Josh Wynn <josh.wynn@hotmail.co.uk>
alias joy_davison Joy Davison <joy_davison@hotmail.co.uk>
alias judith_armstrong Judith Armstrong <jud.armstrong@gmail.com>
alias kate_atherton Kate Atherton <kate_atherton1994@hotmail.com>
alias kate_pitcher Kate Pitcher <aboundinghour@hotmail.co.uk>
alias katie_warwick Katie Warwick <katie_smiles_always@hotmail.com>
alias katy_underhill Katy Underhill <katyunderhill@hotmail.co.uk>
alias keith_trodd Keith Trodd <thekidtrodd@hotmail.co.uk>
alias kevin_shah Kevin Shah <kevinaaronshah@gmail.com>
alias kingdon,_anna Kingdon, Anna <Anna.Kingdon@baesystemsdetica.com>
alias kirsty_down Kirsty Down <magic_numbers_rule@hotmail.co.uk>
alias laura_athey Laura Athey <x-misslaurafaye-x@hotmail.co.uk>
alias laura_johnston Laura Johnston <lkjohnston@live.co.uk>
alias laura_martin Laura Martin <laura_martin15@hotmail.com>
alias lauren_seager Lauren Seager <lauren.lgs@hotmail.co.uk>
alias laurie_fearon Laurie Fearon <laurie@city-church.org.uk>
alias lawrence,_tim Lawrence, Tim <Tim.Lawrence@baesystemsdetica.com>
alias leah_judith_sherwood Leah Judith Sherwood <leah_staples05@hotmail.co.uk>
alias leanne_taylor Leanne Taylor <dreamjinx@hotmail.com>
alias lee_palmer Lee Palmer <leep2705@yahoo.co.uk>
alias lewis_clegg Lewis Clegg <LDC012@bham.ac.uk>
alias lewis_john_wright Lewis John Wright <the.powerhouse@hotmail.co.uk>
alias lexie_wilson Lexie Wilson <lexington@live.co.uk>
alias liam_brannigan Liam Brannigan <liam_brannigan@hotmail.com>
alias liam_howard Liam Howard <liam.howard@adhcompany.co.uk>
alias liam_scofield Liam Scofield <liamscofield@hotmail.com>
alias lily_mccanna Lily McCanna <lilymccanna@hotmail.co.uk>
alias linda_baillie Linda Baillie <bailliebunch@btinternet.com>
alias lisa_simmonds Lisa Simmonds <simmonds_204@hotmail.com>
alias liz_vellacott Liz Vellacott <thefamily@danesmill.co.uk>
alias lizzie_campion Lizzie Campion <lizziecampion@live.co.uk>
alias lois_winteler Lois Winteler <lois_stamps@hotmail.com>
alias louise_edwards Louise Edwards <x-lil-lulu-x@hotmail.co.uk>
alias lucy_spence Lucy Spence <lucy.spence07@gmail.com>
alias luke_grant Luke Grant <lgrant92@hotmail.com>
alias luke_vincent Luke Vincent <luke_james_vincent@hotmail.co.uk>
alias luke_ware Luke Ware <ware_luke@yahoo.co.uk>
alias lydia_evans Lydia Evans <lydiagrace.08@hotmail.co.uk>
alias lynne_long Lynne Long <l.long@bham.ac.uk>
alias maggy_spence Maggy Spence <Maggyspence@aol.com>
alias mandy_zachariah Mandy Zachariah <mandy.zachariah@baesystemsdetica.com>
alias maria_bullen-bell Maria Bullen-Bell <parrotpoop@hotmail.co.uk>
alias mark_atherton Mark Atherton <mark.atherton@lloydstsb.co.uk>
alias mark_crouch Mark Crouch <markcrouch35@hotmail.com>
alias martha_beverley Martha Beverley <martha.alice-x@hotmail.co.uk>
alias martin_wray-cook Martin Wray-Cook <mcwray01@live.co.uk>
alias matillda_rossetti Matillda Rossetti <tillyrossetti@yahoo.co.uk>
alias matt_burrell Matt Burrell <penguinpuddle@hotmail.com>
alias matthew_canavan Matthew Canavan <mattyc-2k8-lfc@hotmail.co.uk>
alias matthew_clarke Matthew Clarke <matt_clarky_9@hotmail.com>
alias matthew_coulson Matthew Coulson <mattyc01@hotmail.co.uk>
alias matthew_hume Matthew Hume <humey6@hotmail.com>
alias matthew_jackson Matthew Jackson <matthew.getreal@hotmail.co.uk>
alias matthew_naulder Matthew Naulder <matthewnaulder91@hotmail.co.uk>
alias matthew_palmer Matthew Palmer <mattyboy999@hotmail.co.uk>
alias matthew_scott Matthew Scott <matt.mscott@tiscali.co.uk>
alias matthew_thurgood Matthew Thurgood <matt987654321@hotmail.co.uk>
alias matthew_williams Matthew Williams <mhwilliams@live.co.uk>
alias matt_jones Matt Jones <mattlfcjones@gmail.com>
alias megan_saville Megan Saville <happyemoprincess@hotmail.co.uk>
alias megan_strong Megan Strong <strong.megan@googlemail.com>
alias michael_buxton Michael Buxton <michael_buxton@hotmail.co.uk>
alias michael_chu Michael Chu <michaelchu@osgoode.yorku.ca>
alias michael_crumpton Michael Crumpton <mikecrumpton@btconnect.com>
alias michael_duffy Michael Duffy <mikeduffy21@hotmail.co.uk>
alias michael_jermy Michael Jermy <m1ch4elj@hotmail.co.uk>
alias michael_packham Michael Packham <michael.packham@talktalk.net>
alias michael_richardson Michael Richardson <mike_4_arsenal@hotmail.co.uk>
alias michael_steel Michael Steel <gargleyark@talktalk.net>
alias mike_church Mike Church <mjc@star.sr.bham.ac.uk>
alias mike_tresham Mike Tresham <mjtresham@aol.com>
alias mikki_burns Mikki Burns <MBU@sandon.essex.sch.uk>
alias miranda_hardwicke Miranda Hardwicke <x-miss-miranda-connie-x@hotmail.co.uk>
alias miriam_pike Miriam Pike <miriam@city-church.org.uk>
alias miriam_tadros Miriam Tadros <mira_tad@hotmail.com>
alias mum_wainwright Mum Wainwright <ianjuliew@gmail.com>
alias nadia_koch Nadia Koch <nadia.koch@hotmail.co.uk>
alias nadine_mansell Nadine Mansell <lollypop_228@hotmail.com>
alias nahid_choudhry Nahid Choudhry <ChoudhrN@adf.bham.ac.uk>
alias naomi_ashman Naomi Ashman <naomibaillie@hotmail.com>
alias naomi_betteley Naomi Betteley <naomi_betteley@hotmail.co.uk>
alias natalie_falls Natalie Falls <nataliefalls@hotmail.com>
alias natasha_massey Natasha Massey <tasha_bootylicious@hotmail.com>
alias nathan_fisher Nathan Fisher <gnatfish.nf@gmail.com>
alias nathan_peek Nathan Peek <kippersrule@hotmail.co.uk>
alias neil_blake Neil Blake <neil.blake@danburymission.org.uk>
alias nicholas_tidy Nicholas Tidy <nick_tidy@hotmail.co.uk>
alias nick_hardingham Nick Hardingham <nick.hardingham@hotmail.co.uk>
alias nigel_richardson Nigel Richardson <villanig@hotmail.co.uk>
alias oli_charkam Oli Charkam <olicharkham@gmail.com>
alias oliver_palmer Oliver Palmer <ollyp865@hotmail.com>
alias oliver_steward Oliver Steward <oli_obs@hotmail.com>
alias oliver_turner Oliver Turner <oliverturner@hotmail.com>
alias olivia_berry Olivia Berry <smile_liv@hotmail.com>
alias owen_mcconnell Owen McConnell <owen_mcconnell@hotmail.co.uk>
alias paddy_ullman-campbell Paddy Ullman-Campbell <paddy-lu-c@live.co.uk>
alias patrick_tate Patrick Tate <paddytate@hotmail.com>
alias paul_&_ali_pickard Paul & Ali Pickard <paulpickardfolio@yahoo.com>
alias paul_baillie Paul Baillie <pxb590@bham.ac.uk>
alias paul_brown Paul Brown <paulbrown1991@hotmail.com>
alias paul_fulda Paul Fulda <pfulda@star.sr.bham.ac.uk>
alias paul_rowden Paul Rowden <crazedcanary@hotmail.com>
alias penny_oxley Penny Oxley <Penny.Oxley@bassenfell.org.uk>
alias peter_gray Peter Gray <pete.g92@hotmail.com>
alias peter_halford Peter Halford <peterjhalford@gmail.com>
alias peter_jamieson Peter Jamieson <peter_jamieson@hotmail.co.uk>
alias peter_murray Peter Murray <peter.murray127@ntlworld.com>
alias philip_grove Philip Grove <pdgrove@sky.com>
alias phillip_hardingham Phillip Hardingham <phil_hardingham@hotmail.co.uk>
alias phillippa_barton Phillippa Barton <philippabarton4eva@hotmail.com>
alias phillip_velacott Phillip Velacott <phil.vellacott@danburymission.org.uk>
alias phil_shepka Phil Shepka <shepka@btinternet.com>
alias pocket Pocket <add@getpocket.com>
alias rachel_brown Rachel Brown <BrownRC@adf.bham.ac.uk>
alias rachel_gauntley Rachel Gauntley <rachel_gauntley@hotmail.co.uk>
alias rachel_mccredie Rachel  Mccredie <rachel@paulmccredie.com>
alias rachel_parnham Rachel Parnham <rachelparnham@btopenworld.com>
alias ramone_williams Ramone Williams <ramone.williams7@gmail.com>
alias raz_elgar Raz Elgar <whothe_israz@hotmail.co.uk>
alias rebecca_ingles Rebecca Ingles <bexboo09@hotmail.com>
alias rebecca_parsons Rebecca Parsons <confused_geek@hotmail.co.uk>
alias rebecca_smedly Rebecca Smedly <beckysmedley@googlemail.com>
alias rebecca_spence Rebecca Spence <becca187xx@hotmail.co.uk>
alias rebecca_townshend Rebecca Townshend <rite2rebecca@hotmail.com>
alias rebekah_tubbs Rebekah Tubbs <rebekahtubbs@hotmail.co.uk>
alias rhian_brewer Rhian Brewer <rhi_tigger@hotmail.co.uk>
alias rhys_bates Rhys Bates <rhys_bates999@hotmail.co.uk>
alias richard_grant Richard Grant <richardg92@hotmail.com>
alias richard_hewitt Richard Hewitt <richardhewitt555@hotmail.com>
alias richard_packham Richard Packham <richard.packham@hotmail.co.uk>
alias rich_mckenzie Rich McKenzie <r.mckenzie@bham.ac.uk>
alias rob_dove Rob Dove <robdmcfc@hotmail.co.uk>
alias robert_clarke Robert Clarke <ROB---@hotmail.co.uk>
alias robert_evans Robert Evans <rooevansrocks@hotmail.com>
alias robert_grainger Robert Grainger <robert_grainger@hotmail.com>
alias robert_mashadi Robert Mashadi <rob_mental@hotmail.co.uk>
alias robert_smethurst Robert Smethurst <robsmethurst@hotmail.com>
alias robert_whiteman Robert Whiteman <robdmcfc@hotmail.co.uk>
alias robert_whittaker Robert Whittaker <cedricmk2@hotmail.co.uk>
alias rooms4every1 Rooms4Every1 <kate.rooms4every1@btconnect.com>
alias rose_foreman Rose Foreman <florathefairy@hotmail.com>
alias rosie_davies Rosie Davies <xxrosie_dxx@hotmail.co.uk>
alias roxy_mashadi Roxy Mashadi <roxyy_babes@hotmail.co.uk>
alias russ_and_hannah_shaw Russ and Hannah Shaw <russandhannah@hotmail.co.uk>
alias russ_lowman Russ Lowman <Russ@churchcentral.org.uk>
alias ruth_trump Ruth Trump <ruthtrump@gmail.com>
alias ryan_grant Ryan Grant <rwagrulz@hotmail.com>
alias ryan_hurley Ryan Hurley <jed_8@hotmail.co.uk>
alias ryan_patmore Ryan Patmore <ryanpatmore@hotmail.com>
alias sacha_kent Sacha Kent <ollie_lou@hotmail.com>
alias samantha_hill Samantha Hill <samantha_louise92@hotmail.co.uk>
alias samantha_ross Samantha Ross <samantha@postgradsolutions.com>
alias sam_brown Sam Brown <brownboy16792@hotmail.com>
alias sam_burridge Sam Burridge <sammyb-33@hotmail.co.uk>
alias sam_harvey Sam Harvey <samharvey_91@hotmail.com>
alias samuel_armstrong Samuel Armstrong <samuel.william.armstrong@googlemail.com>
alias sarah_cackett Sarah Cackett <x-sarahmarie@hotmail.co.uk>
alias sarah_davis Sarah Davis <stars_s120@hotmail.co.uk>
alias sarah_kersey Sarah Kersey <sarah_kersey@hotmail.co.uk>
alias sarah_norcup Sarah Norcup <smiley_sarah_norcup@hotmail.co.uk>
alias sarah_penhall Sarah Penhall <sarloupen@hotmail.co.uk>
alias sarah_rowden Sarah Rowden <sj.26@hotmail.co.uk>
alias sara_scott Sara Scott <ses.scott@tiscali.co.uk>
alias savinda_weerasinghe Savinda Weerasinghe <savindaw@hotmail.com>
alias sebastian_frost Sebastian Frost <frostio_147@hotmail.co.uk>
alias shaun_harbott Shaun Harbott <SMHarbott@hotmail.co.uk>
alias shaun_hawkins Shaun Hawkins <shaun__1992@hotmail.co.uk>
alias shemus_finchbergsen Shemus FInchbergsen <roxtardaisy@yahoo.com>
alias siân_mitchell Siân Mitchell <sian.mitchell2@btinternet.com>
alias simon_bird Simon Bird <simeoni@hotmail.co.uk>
alias simone_cotterill Simone Cotterill <eleluva4eva@hotmail.co.uk>
alias simon_medcroft Simon Medcroft <simon.medcroft@talktalk.net>
alias sophie_bushnell Sophie Bushnell <sophiebushnell@hotmail.co.uk>
alias sophie_roberts Sophie Roberts <sophieroberts@gmail.com>
alias sophie_smith Sophie Smith <sophielouisesmith@hotmail.com>
alias sophie_woodman Sophie Woodman <sophieawoodman@hotmail.com>
alias stacey_anderson Stacey Anderson <stacey_anderson_lexie@hotmail.com>
alias steph_booth Steph Booth <stephaniebooth1991@hotmail.com>
alias stephen_richardson Stephen Richardson <villas_no.1_fan@hotmail.co.uk>
alias stephen_trump_city Stephen Trump City <stephen@city-church.org.uk>
alias steve_bamford Steve Bamford <skbamford@hotmail.co.uk>
alias steve_fryer steve fryer <moelsiabod@hotmail.co.uk>
alias steven_gaunt steven gaunt <stevengaunt99@hotmail.com>
alias steven_gridley Steven Gridley <griders92@hotmail.co.uk>
alias steve_pym Steve Pym <stevepym@hotmail.co.uk>
alias stevie_power Stevie Power <steviepower2010@hotmail.co.uk>
alias stuart_gillam Stuart Gillam <s.gillam.1@bham.ac.uk>
alias student-associates-scheme Student-Associates-Scheme <sas@newman.ac.uk>
alias suze_chang Suze Chang <s.u.z.e.f.c@hotmail.com>
alias sydney_wakefield Sydney Wakefield <sexysydney13@hotmail.com>
alias talking_hands_society Talking Hands Society <talking-hands@guild.bham.ac.uk>
alias talking_hands talking hands <talking-hands@hotmail.co.uk>
alias tasha_walker Tasha Walker <nwalker_30@yahoo.com>
alias thomas_north Thomas North <tnorthy92@hotmail.co.uk>
alias tim_mcmahon Tim McMahon <tim.mcmahon@eurasian-ministries.org>
alias tim_waddington Tim Waddington <timwaddington@v2c.co.uk>
alias tim_wood Tim Wood <twood1089@gmail.com>
alias toby_rowden Toby Rowden <trowden_92@hotmail.co.uk>
alias tom_badger Tom Badger <tom_badger@hotmail.co.uk>
alias tom_beardshall Tom Beardshall <sexi_tommi@hotmail.com>
alias tom_bryant Tom Bryant <tombryant@blueyonder.co.uk>
alias tom_forryan Tom Forryan <tjforryan@yahoo.co.uk>
alias tom_fuller Tom Fuller <TXF868@adf.bham.ac.uk>
alias tom_gibbs Tom Gibbs <tom-gibbs-1996@hotmail.co.uk>
alias tom_harrington Tom Harrington <arrington1993@hotmail.co.uk>
alias tom_heppenstall Tom Heppenstall <tom_heppenstall@hotmail.co.uk>
alias tom_johnson Tom Johnson <tomjohnsonuk@hotmail.co.uk>
alias tom_lambert Tom Lambert <t.lambert23@live.co.uk>
alias tom_merrett Tom Merrett <tom.merrett@gmail.com>
alias tom_morgan Tom Morgan <tom_morgan92@live.co.uk>
alias tom_roberts Tom Roberts <blackbelttom@gmail.com>
alias tom_smith Tom Smith <fat_tubby_tom@hotmail.com>
alias tom_worrall Tom Worrall <tomworr@btinternet.com>
alias tony_edridge Tony Edridge <tj.edridge@hotmail.co.uk>
alias trigger trigger <trigger@ifttt.com>
alias trisha_manuel Trisha Manuel <odd_girl11@hotmail.co.uk>
alias vale_reception Vale Reception <ADM-ValeRecept@adf.bham.ac.uk>
alias warran_fawcett Warran Fawcett <warran_fawcett@ntm.org.uk>
alias wendy_pearson Wendy Pearson <wlpearson@btinternet.com>
alias will_thorogood Will Thorogood <williamthorogood8@hotmail.com>
alias yi_chong Yi Chong <chongyixueclever@gmail.com>
alias yvette_frost Yvette Frost <yvette.f@hotmail.co.uk>
alias zoe_greenhalgh Zoe Greenhalgh <zoeluvsrock@hotmail.com>
source ~/.mutt/aliases_auto
